airline_price,season,competitor_price,days_before_departure,demand
130,high,123.91,341,124.0
160,low,165.78,243,68.0
150,high,119.71,321,54.0
140,high,126.32,106,49.0
180,shoulder,160.21,245,36.0
190,low,190.76,73,21.0
110,high,147.88,290,180.0
170,low,178.67,3,38.0
190,shoulder,173.1,215,33.0
200,low,197.37,221,24.0
200,shoulder,198.66,22,41.0
160,low,167.53,206,80.0
200,low,205.37,298,66.0
180,shoulder,166.85,188,38.0
100,shoulder,77.2,179,51.0
150,shoulder,158.17,169,68.0
100,high,113.39,80,134.0
190,low,180.68,80,17.0
160,shoulder,158.82,138,57.0
120,shoulder,117.64,206,94.0
100,low,102.85,244,113.0
150,shoulder,162.29,86,81.0
120,high,109.9,316,121.0
160,shoulder,177.73,342,121.0
200,shoulder,177.33,282,28.0
130,low,108.43,16,7.0
170,low,195.61,72,58.0
100,high,90.84,47,65.0
190,shoulder,179.63,235,46.0
100,shoulder,91.76,285,113.0
130,low,140.6,312,117.0
120,high,106.61,157,85.0
130,shoulder,148.14,288,162.0
110,high,118.1,177,135.0
130,low,122.88,42,31.0
200,high,205.73,205,81.0
110,high,106.83,32,62.0
130,high,124.63,217,90.0
170,high,184.4,283,117.0
200,high,228.95,171,114.0
110,low,108.24,35,36.0
170,high,154.34,113,46.0
140,low,174.57,225,121.0
100,high,111.1,212,161.0
150,high,145.78,34,45.0
110,low,126.46,350,143.0
150,low,163.13,329,98.0
190,high,177.71,65,48.0
190,high,199.45,328,117.0
140,shoulder,149.57,229,119.0
100,high,98.09,267,142.0
190,high,198.59,1,50.0
180,high,185.12,243,91.0
180,low,211.59,149,88.0
160,low,133.44,1,4.0
180,high,156.48,147,42.0
160,low,175.61,178,66.0
200,shoulder,194.16,118,53.0
130,high,167.18,126,159.0
110,shoulder,97.22,138,56.0
120,high,122.63,215,154.0
150,high,131.38,276,66.0
120,shoulder,129.22,285,130.0
150,high,196.88,64,133.0
160,low,169.82,311,99.0
170,shoulder,201.43,262,123.0
140,low,155.72,308,116.0
130,high,120.09,300,125.0
150,shoulder,120.32,170,31.0
160,low,182.65,54,69.0
140,shoulder,148.58,280,126.0
160,high,156.49,4,36.0
120,high,99.24,224,85.0
200,shoulder,211.09,259,94.0
140,shoulder,161.13,146,109.0
120,shoulder,151.78,14,82.0
170,low,178.7,285,87.0
190,high,173.39,100,38.0
170,high,167.54,203,91.0
170,low,177.6,308,77.0
120,low,119.57,344,100.0
190,low,182.42,309,67.0
170,low,169.98,54,28.0
140,high,128.58,163,74.0
190,low,182.68,102,53.0
100,high,103.32,60,104.0
190,high,189.77,103,51.0
120,low,96.46,209,48.0
190,shoulder,184.48,188,63.0
200,shoulder,246.64,67,41.0
110,shoulder,100.65,339,117.0
120,high,134.67,41,109.0
190,shoulder,192.3,344,102.0
110,low,95.28,346,86.0
150,low,144.6,24,45.0
170,low,192.43,298,116.0
140,low,142.73,85,56.0
170,low,158.49,152,42.0
170,low,164.89,316,71.0
110,high,115.59,246,171.0
200,high,204.59,151,53.0
140,high,161.59,155,143.0
100,high,104.29,159,143.0
150,shoulder,181.56,257,153.0
140,low,130.2,321,67.0
190,low,201.68,91,54.0
120,high,109.76,350,128.0
190,shoulder,190.7,152,68.0
110,low,98.84,192,69.0
130,low,134.66,294,118.0
150,shoulder,145.76,312,79.0
190,high,213.81,83,79.0
130,high,114.79,15,50.0
200,high,220.6,52,53.0
100,low,109.87,353,159.0
140,low,148.34,285,92.0
140,low,133.55,55,44.0
100,high,101.4,318,180.0
160,low,155.65,260,75.0
180,low,171.2,340,60.0
140,low,141.86,338,103.0
180,shoulder,170.19,160,18.0
110,shoulder,124.07,101,104.0
180,low,192.59,70,55.0
190,low,179.99,276,49.0
180,low,185.13,344,90.0
120,shoulder,105.04,301,105.0
100,high,86.6,191,93.0
120,high,155.47,168,180.0
120,shoulder,92.08,138,34.0
130,low,120.46,42,48.0
120,high,109.62,273,111.0
190,low,187.22,245,43.0
170,high,141.54,256,29.0
140,high,148.71,19,49.0
180,low,180.4,317,82.0
110,shoulder,120.75,118,110.0
190,high,199.23,107,66.0
200,high,183.64,29,28.0
120,shoulder,97.38,150,54.0
170,high,187.0,143,85.0
140,shoulder,155.34,236,119.0
130,shoulder,125.18,335,129.0
120,shoulder,111.92,237,84.0
150,low,148.74,311,101.0
150,high,144.04,236,70.0
110,low,105.21,33,57.0
100,shoulder,114.23,319,180.0
180,shoulder,171.9,158,51.0
140,low,135.55,51,31.0
100,shoulder,98.92,232,138.0
100,low,120.99,201,136.0
110,low,120.78,117,72.0
100,shoulder,87.04,49,66.0
130,low,129.3,259,66.0
190,shoulder,178.74,327,79.0
110,high,100.47,50,65.0
190,shoulder,179.78,152,45.0
130,shoulder,107.48,354,77.0
170,high,164.47,70,61.0
190,shoulder,184.71,219,58.0
130,shoulder,131.91,79,69.0
140,low,147.76,143,76.0
140,low,151.22,110,62.0
110,low,97.86,21,35.0
110,high,100.51,289,120.0
160,high,153.3,159,76.0
120,low,109.7,342,85.0
190,shoulder,193.14,82,41.0
180,high,187.2,331,122.0
170,low,172.08,335,65.0
180,low,168.15,96,35.0
100,high,94.21,179,128.0
180,high,188.36,312,108.0
170,low,175.15,133,54.0
190,shoulder,191.01,312,67.0
150,high,140.76,131,54.0
160,high,146.34,346,91.0
130,high,162.57,134,148.0
190,shoulder,189.24,344,91.0
140,high,163.29,131,122.0
170,high,181.94,93,64.0
170,shoulder,161.82,245,64.0
110,low,81.94,87,32.0
170,low,161.56,254,55.0
120,shoulder,93.25,207,42.0
150,shoulder,151.06,74,71.0
120,shoulder,112.88,356,102.0
170,high,173.78,199,80.0
120,high,103.34,140,58.0
160,shoulder,158.65,183,83.0
180,shoulder,167.45,49,45.0
160,low,153.78,198,49.0
110,low,122.8,85,74.0
190,high,199.21,270,103.0
130,high,126.42,198,116.0
130,high,114.17,237,72.0
200,shoulder,206.5,135,56.0
140,high,166.46,363,180.0
200,low,217.96,114,51.0
190,shoulder,175.77,195,34.0
170,low,162.97,253,67.0
120,high,101.1,1,40.0
180,low,203.7,143,54.0
110,high,101.66,204,109.0
190,shoulder,199.75,295,90.0
140,low,152.57,292,124.0
200,shoulder,227.45,118,84.0
130,high,134.04,199,111.0
110,high,82.27,273,86.0
100,high,88.75,63,87.0
170,high,165.98,80,49.0
180,shoulder,189.47,23,48.0
100,high,98.69,174,129.0
190,high,188.96,38,65.0
200,low,197.48,272,43.0
130,high,139.74,183,130.0
190,low,199.31,262,77.0
130,high,132.17,53,83.0
190,high,207.4,306,125.0
100,high,84.18,216,99.0
150,low,153.97,361,95.0
190,low,179.88,278,54.0
120,shoulder,139.81,249,135.0
130,low,115.6,286,71.0
110,low,97.89,161,41.0
200,low,195.08,311,52.0
170,low,183.76,217,68.0
110,shoulder,105.25,347,151.0
140,high,153.84,144,115.0
170,high,156.61,251,58.0
130,shoulder,159.03,136,129.0
180,shoulder,193.8,324,116.0
140,high,155.99,210,143.0
150,low,120.88,108,20.0
130,high,108.88,351,112.0
180,shoulder,205.09,25,34.0
180,shoulder,197.04,35,47.0
180,low,185.16,363,67.0
110,high,100.29,318,147.0
130,high,114.58,313,97.0
160,high,131.94,98,27.0
180,high,189.92,93,65.0
190,shoulder,162.93,9,20.0
110,low,127.48,114,73.0
150,shoulder,159.96,14,42.0
180,shoulder,182.34,127,59.0
140,low,146.2,203,84.0
110,shoulder,128.17,172,135.0
110,low,107.36,96,64.0
110,shoulder,124.14,76,96.0
120,shoulder,129.5,362,180.0
130,low,128.29,94,56.0
140,shoulder,146.87,99,80.0
120,low,110.77,51,51.0
110,shoulder,115.78,339,171.0
190,low,194.37,302,73.0
140,high,136.64,315,139.0
100,low,116.34,130,103.0
100,high,115.17,203,180.0
120,high,136.87,86,119.0
110,high,81.94,346,73.0
200,low,202.64,298,77.0
120,low,108.35,319,72.0
150,low,145.44,242,55.0
190,shoulder,171.39,311,53.0
180,shoulder,172.39,307,88.0
180,shoulder,174.68,276,60.0
170,shoulder,154.31,3,21.0
150,high,155.91,200,97.0
170,low,164.82,217,46.0
200,high,219.7,348,129.0
100,shoulder,124.12,211,180.0
100,low,96.71,327,122.0
160,shoulder,154.77,99,27.0
160,high,164.52,192,87.0
110,low,106.62,302,87.0
190,shoulder,180.06,139,37.0
140,high,153.68,308,168.0
160,shoulder,177.86,334,131.0
170,low,168.35,125,49.0
120,shoulder,114.62,84,73.0
100,high,108.55,274,180.0
170,shoulder,175.88,61,47.0
100,low,106.15,87,79.0
120,high,130.62,301,180.0
180,high,163.49,225,63.0
140,high,163.47,354,180.0
180,low,188.43,61,41.0
130,low,118.94,299,74.0
120,shoulder,111.16,71,52.0
140,low,146.87,296,97.0
170,low,170.08,88,43.0
170,high,168.19,246,88.0
200,shoulder,194.7,337,69.0
200,low,223.3,205,82.0
100,high,101.13,41,67.0
200,high,214.94,127,67.0
110,shoulder,108.16,141,93.0
110,low,125.0,306,151.0
100,shoulder,93.84,70,96.0
100,high,102.58,361,180.0
100,low,112.66,210,139.0
110,shoulder,127.65,338,180.0
200,high,208.08,89,60.0
110,shoulder,117.08,160,103.0
190,high,190.19,317,111.0
140,shoulder,141.39,202,92.0
190,shoulder,182.57,299,51.0
190,shoulder,175.47,178,49.0
150,shoulder,154.45,101,68.0
120,low,119.97,102,55.0
140,high,155.45,154,115.0
110,low,141.34,81,113.0
100,high,97.14,183,142.0
130,high,106.23,238,66.0
150,high,187.67,333,180.0
120,high,101.41,108,62.0
200,shoulder,181.64,311,56.0
130,shoulder,124.97,157,74.0
130,high,136.9,150,96.0
150,low,140.39,17,14.0
140,low,166.44,238,110.0
150,shoulder,148.71,17,53.0
200,shoulder,224.54,345,122.0
140,shoulder,131.84,275,65.0
100,shoulder,84.25,282,87.0
150,shoulder,153.82,30,51.0
160,high,133.75,113,29.0
170,high,178.27,124,91.0
200,high,221.19,117,98.0
130,high,149.83,79,117.0
110,high,77.83,2,35.0
150,shoulder,165.36,176,86.0
140,high,152.36,85,82.0
150,high,140.48,7,34.0
190,high,156.72,95,13.0
110,shoulder,95.49,312,101.0
170,shoulder,179.07,24,41.0
160,high,188.95,137,134.0
130,shoulder,117.65,138,43.0
130,high,134.68,192,131.0
200,shoulder,188.22,62,42.0
100,high,111.1,255,180.0
200,high,193.45,114,52.0
100,high,79.22,216,81.0
120,shoulder,119.18,112,90.0
130,shoulder,118.62,0,39.0
110,shoulder,100.05,18,56.0
160,high,156.53,92,56.0
110,low,114.7,83,68.0
130,low,136.16,331,116.0
200,shoulder,214.45,205,98.0
150,low,168.22,169,74.0
160,high,140.48,327,88.0
190,shoulder,213.96,99,66.0
120,shoulder,108.95,125,65.0
160,low,170.59,20,37.0
160,shoulder,144.53,82,49.0
190,shoulder,206.37,212,95.0
200,low,207.43,198,58.0
200,low,219.9,125,67.0
170,shoulder,182.62,94,57.0
180,high,181.39,3,44.0
190,low,206.35,140,66.0
110,shoulder,141.04,312,180.0
130,low,144.37,120,81.0
160,high,152.61,12,42.0
160,high,147.7,264,91.0
120,high,105.21,312,98.0
120,low,95.92,362,63.0
140,low,162.32,12,59.0
200,high,213.62,54,52.0
190,high,153.64,212,36.0
130,shoulder,135.01,294,137.0
180,low,187.13,111,43.0
170,low,173.09,249,81.0
150,high,153.19,205,106.0
110,high,139.52,255,180.0
200,shoulder,231.07,306,117.0
130,high,112.67,14,40.0
110,low,97.07,326,76.0
130,low,117.68,214,67.0
100,shoulder,89.98,258,131.0
120,low,114.48,308,81.0
100,shoulder,100.3,310,144.0
130,low,117.65,254,64.0
150,shoulder,147.52,305,103.0
120,shoulder,130.81,188,103.0
200,low,219.44,34,30.0
160,high,152.08,111,46.0
160,shoulder,153.05,166,64.0
160,shoulder,157.74,68,59.0
140,shoulder,122.91,297,93.0
110,shoulder,95.68,136,56.0
100,shoulder,100.78,271,146.0
170,shoulder,167.79,214,72.0
140,high,134.24,230,104.0
200,low,218.14,39,58.0
200,low,203.21,264,44.0
110,high,108.29,252,162.0
180,low,194.17,116,53.0
150,low,147.25,144,57.0
190,shoulder,215.71,47,65.0
160,low,160.37,81,55.0
120,shoulder,126.81,28,62.0
180,low,184.08,23,17.0
200,shoulder,204.59,166,52.0
170,shoulder,164.14,75,31.0
190,high,196.36,344,128.0
200,shoulder,203.13,329,84.0
170,low,176.44,156,44.0
170,shoulder,190.37,342,130.0
130,high,127.52,194,102.0
160,low,159.39,218,59.0
150,high,177.55,286,164.0
160,shoulder,128.8,74,11.0
180,high,179.43,334,97.0
160,shoulder,150.02,246,78.0
150,high,146.91,291,102.0
190,low,200.59,96,47.0
110,high,70.81,288,27.0
190,low,189.62,223,46.0
120,high,117.33,78,75.0
200,high,199.03,129,49.0
110,low,91.93,263,58.0
190,high,131.79,75,0.0
110,high,124.62,293,180.0
150,high,156.23,79,72.0
100,high,126.28,349,180.0
120,low,127.28,88,74.0
130,low,127.44,229,75.0
180,shoulder,191.23,299,98.0
180,low,189.45,115,42.0
110,low,122.17,236,116.0
130,shoulder,162.01,229,162.0
170,high,173.58,16,58.0
130,shoulder,156.98,281,164.0
150,shoulder,125.93,295,43.0
110,high,111.78,357,180.0
150,high,161.43,151,92.0
200,high,227.55,98,87.0
160,low,151.62,200,43.0
190,shoulder,187.25,158,45.0
150,shoulder,135.16,326,72.0
100,high,111.63,12,100.0
110,high,101.1,49,48.0
130,low,148.13,116,81.0
150,shoulder,126.17,136,38.0
180,high,161.45,159,34.0
190,shoulder,209.11,232,83.0
190,high,190.92,359,102.0
170,low,175.82,140,61.0
180,shoulder,152.09,166,34.0
180,shoulder,168.27,153,48.0
190,shoulder,184.47,29,24.0
140,high,157.07,219,147.0
140,high,138.24,304,127.0
110,low,121.62,196,120.0
150,high,152.72,80,75.0
140,low,126.26,361,62.0
160,shoulder,165.93,338,111.0
200,high,197.26,274,97.0
180,low,168.15,331,52.0
170,shoulder,188.47,197,88.0
190,shoulder,185.86,210,56.0
140,low,141.03,239,91.0
110,shoulder,123.67,273,180.0
170,high,173.1,192,70.0
170,low,159.55,93,33.0
100,shoulder,70.68,286,72.0
140,shoulder,134.55,282,95.0
160,high,145.33,350,87.0
200,high,213.16,53,56.0
110,low,103.81,97,31.0
190,low,158.03,56,27.0
110,low,131.06,10,53.0
110,high,87.81,68,62.0
190,shoulder,181.84,310,61.0
100,shoulder,94.12,293,133.0
180,high,175.97,263,83.0
110,shoulder,125.52,189,137.0
130,high,119.26,6,65.0
200,shoulder,205.61,30,33.0
170,shoulder,150.12,342,47.0
120,shoulder,139.15,334,174.0
180,shoulder,195.62,167,80.0
130,low,131.79,65,58.0
120,shoulder,119.32,196,96.0
120,shoulder,125.08,341,134.0
130,shoulder,126.79,214,100.0
140,low,129.13,110,40.0
110,high,110.48,88,80.0
160,high,170.15,171,112.0
130,shoulder,136.72,14,50.0
200,low,205.31,102,38.0
150,shoulder,176.95,169,129.0
120,shoulder,109.74,196,77.0
140,high,127.87,59,57.0
120,low,110.64,118,55.0
110,shoulder,111.26,170,117.0
130,high,149.92,275,180.0
190,low,182.87,36,23.0
170,shoulder,168.35,59,43.0
190,high,195.49,8,39.0
170,high,159.46,113,45.0
120,shoulder,101.94,28,43.0
150,low,133.85,221,58.0
170,low,156.38,164,38.0
200,shoulder,214.35,185,77.0
150,low,129.82,18,23.0
180,shoulder,167.09,276,57.0
150,high,136.99,121,56.0
100,low,104.85,333,134.0
140,low,127.68,52,15.0
100,shoulder,68.17,109,36.0
190,high,208.0,216,113.0
130,shoulder,123.76,52,49.0
110,low,113.73,13,65.0
100,low,106.12,119,87.0
100,shoulder,117.32,241,166.0
160,high,170.11,331,152.0
140,high,125.55,48,36.0
130,low,140.47,290,101.0
140,high,141.93,200,106.0
200,low,196.06,27,23.0
110,shoulder,114.07,101,84.0
180,shoulder,176.39,181,61.0
160,low,138.07,177,27.0
180,shoulder,195.33,31,46.0
170,shoulder,181.24,324,101.0
110,shoulder,93.65,307,113.0
150,shoulder,168.16,42,68.0
170,high,195.96,207,122.0
190,shoulder,175.24,323,69.0
110,high,116.64,200,130.0
150,low,147.42,290,71.0
160,low,174.29,160,80.0
150,high,148.85,260,95.0
110,shoulder,121.98,292,179.0
160,low,146.58,315,50.0
100,shoulder,104.6,132,125.0
190,shoulder,172.2,314,59.0
120,shoulder,96.67,109,47.0
120,low,117.58,57,57.0
110,high,137.27,205,180.0
140,shoulder,140.35,147,68.0
190,low,206.25,342,110.0
190,high,189.31,361,100.0
160,high,164.5,142,97.0
160,low,170.0,144,57.0
120,low,120.49,344,93.0
140,low,104.99,253,25.0
110,shoulder,114.16,135,101.0
150,shoulder,124.32,151,33.0
150,shoulder,182.82,281,160.0
150,shoulder,160.07,211,84.0
150,low,152.15,214,80.0
180,shoulder,185.19,196,65.0
160,shoulder,174.92,96,58.0
170,low,180.53,188,56.0
120,low,129.42,35,41.0
130,low,129.24,135,61.0
190,low,187.52,202,52.0
170,shoulder,167.17,282,88.0
120,shoulder,118.62,44,54.0
110,high,91.34,221,79.0
110,shoulder,117.31,348,179.0
190,high,200.59,210,88.0
160,high,173.34,104,87.0
150,low,165.11,159,87.0
190,high,175.19,22,38.0
120,shoulder,106.54,205,70.0
110,high,115.56,48,92.0
130,high,127.33,102,89.0
180,high,174.03,222,73.0
130,shoulder,141.51,327,146.0
180,high,205.17,353,163.0
170,high,179.88,111,55.0
130,high,135.74,323,163.0
180,shoulder,163.52,279,57.0
100,high,83.36,91,58.0
200,high,179.08,200,39.0
150,shoulder,167.68,246,121.0
100,shoulder,92.07,279,122.0
190,high,200.2,20,56.0
190,shoulder,208.79,136,69.0
170,low,180.06,191,62.0
200,high,176.9,3,40.0
200,low,217.83,118,50.0
140,high,135.2,50,63.0
150,low,131.14,79,14.0
160,low,166.08,308,97.0
130,shoulder,136.46,94,69.0
180,high,198.64,311,144.0
110,high,98.67,218,108.0
170,shoulder,175.9,10,45.0
140,high,126.37,98,46.0
110,shoulder,132.5,264,180.0
190,high,184.56,63,39.0
120,low,110.67,106,48.0
140,high,123.29,222,72.0
130,high,101.99,104,34.0
130,low,130.88,183,67.0
190,low,180.47,179,38.0
140,shoulder,135.88,54,50.0
120,shoulder,126.55,130,92.0
160,shoulder,153.72,51,42.0
100,low,100.62,347,133.0
150,low,137.87,90,39.0
140,shoulder,139.34,238,107.0
160,low,164.22,33,50.0
160,shoulder,145.9,198,51.0
160,low,189.71,157,66.0
130,low,151.79,251,125.0
180,shoulder,184.04,143,67.0
200,high,204.31,342,89.0
180,shoulder,162.43,197,42.0
180,shoulder,162.59,81,21.0
150,high,153.55,14,43.0
170,shoulder,158.66,210,63.0
190,low,180.57,136,33.0
190,high,199.13,229,100.0
100,high,74.95,272,112.0
170,low,191.84,44,55.0
180,low,186.08,18,31.0
140,shoulder,165.98,351,180.0
160,low,145.96,51,31.0
150,shoulder,144.24,327,83.0
170,low,182.43,71,38.0
150,low,138.51,297,65.0
190,high,220.54,287,145.0
120,low,120.67,151,82.0
160,high,150.21,239,99.0
130,high,119.8,225,95.0
100,high,86.91,345,139.0
180,high,170.26,13,9.0
110,high,93.8,279,103.0
160,shoulder,158.4,199,76.0
200,shoulder,208.79,277,101.0
100,high,133.26,16,127.0
130,high,143.48,120,104.0
170,high,208.26,167,143.0
200,low,202.47,140,28.0
200,low,202.92,325,65.0
200,shoulder,187.94,325,44.0
150,low,144.53,361,76.0
200,high,202.33,325,111.0
100,shoulder,96.28,67,70.0
180,shoulder,170.73,75,31.0
190,high,200.67,355,112.0
180,high,182.25,20,55.0
150,low,146.39,86,36.0
110,low,97.12,364,90.0
200,high,211.48,356,115.0
190,shoulder,200.08,100,43.0
140,low,140.42,251,77.0
160,shoulder,156.58,94,52.0
120,low,91.2,357,41.0
160,low,157.22,274,64.0
130,low,127.77,309,72.0
200,shoulder,218.63,8,39.0
130,high,145.44,62,87.0
170,high,175.94,113,72.0
130,low,116.71,135,53.0
120,high,126.44,182,132.0
180,low,190.38,331,94.0
150,high,153.64,345,149.0
120,high,142.86,7,109.0
140,low,144.56,203,83.0
200,low,198.32,164,40.0
180,shoulder,175.55,241,83.0
100,low,102.23,55,58.0
150,low,161.48,225,91.0
120,high,131.69,164,140.0
130,high,152.05,17,86.0
170,high,172.6,248,102.0
120,low,121.6,46,41.0
160,low,147.72,141,42.0
110,high,120.07,272,180.0
120,low,121.31,184,70.0
140,low,153.15,52,61.0
200,shoulder,196.0,246,66.0
170,high,202.3,265,155.0
120,low,138.74,300,129.0
130,shoulder,133.63,323,126.0
150,high,137.51,235,69.0
200,shoulder,236.81,223,103.0
180,shoulder,160.61,97,14.0
140,high,145.3,47,77.0
130,shoulder,128.53,193,105.0
150,shoulder,157.37,290,101.0
180,low,172.27,258,45.0
100,high,115.48,135,141.0
150,high,145.43,48,55.0
130,low,111.4,259,54.0
150,high,143.47,112,65.0
130,high,121.42,264,111.0
150,shoulder,144.78,43,27.0
160,shoulder,150.3,122,41.0
110,low,94.1,18,29.0
110,shoulder,116.02,1,63.0
200,low,187.95,320,45.0
130,high,125.13,43,67.0
200,high,210.51,77,57.0
110,low,121.48,208,139.0
170,shoulder,162.38,129,47.0
130,high,129.63,217,113.0
140,shoulder,151.41,49,76.0
110,high,130.72,288,180.0
170,shoulder,175.77,60,48.0
100,shoulder,83.88,352,100.0
190,low,194.5,201,58.0
180,low,187.7,208,46.0
150,low,141.86,282,73.0
200,low,201.18,339,73.0
190,high,182.73,119,54.0
130,low,128.7,254,98.0
180,shoulder,199.74,275,108.0
120,low,123.12,0,46.0
130,low,108.97,8,21.0
100,low,87.63,52,51.0
190,shoulder,193.01,317,87.0
100,low,98.07,291,115.0
140,high,146.73,126,89.0
130,low,148.17,105,78.0
140,low,148.9,116,66.0
150,low,159.71,165,72.0
100,shoulder,83.77,97,64.0
120,shoulder,119.32,154,75.0
170,shoulder,174.67,64,56.0
120,high,107.19,356,130.0
180,low,141.46,345,24.0
150,shoulder,152.17,116,58.0
130,low,125.56,144,77.0
150,low,145.06,205,64.0
100,low,116.63,192,131.0
150,shoulder,154.84,81,51.0
190,high,160.66,1,37.0
100,high,105.57,99,120.0
160,low,149.44,349,61.0
170,shoulder,178.35,43,60.0
120,high,149.36,289,180.0
160,shoulder,172.62,211,108.0
160,low,168.44,187,68.0
200,shoulder,206.63,88,42.0
200,shoulder,196.02,242,58.0
120,shoulder,138.33,157,120.0
120,high,122.5,359,175.0
100,high,81.35,325,113.0
110,low,115.23,78,66.0
110,shoulder,119.49,147,101.0
130,high,160.2,12,103.0
180,high,191.72,165,102.0
130,high,162.21,84,135.0
130,high,116.37,320,87.0
120,shoulder,102.19,278,60.0
150,high,174.26,210,147.0
190,shoulder,189.36,108,33.0
150,high,155.52,87,79.0
140,low,167.14,92,61.0
160,shoulder,175.3,334,128.0
190,shoulder,213.85,156,80.0
150,low,168.57,266,104.0
190,high,175.35,35,28.0
120,low,106.68,137,46.0
150,high,141.34,32,44.0
150,shoulder,162.04,191,83.0
160,high,171.41,81,81.0
150,high,126.22,254,81.0
170,low,144.63,195,38.0
130,low,145.82,151,90.0
100,high,92.47,44,74.0
120,shoulder,115.58,291,117.0
130,shoulder,122.48,276,85.0
200,shoulder,190.52,67,50.0
110,high,111.59,320,174.0
190,low,198.71,107,56.0
200,low,199.59,160,33.0
190,high,152.98,119,17.0
180,high,163.11,109,31.0
180,low,175.96,305,69.0
100,shoulder,91.26,349,140.0
180,low,184.69,25,38.0
160,high,165.92,84,68.0
160,shoulder,164.74,245,102.0
110,low,96.21,172,51.0
140,shoulder,106.29,260,36.0
130,low,125.6,355,89.0
150,high,180.81,296,180.0
150,low,157.94,189,73.0
140,high,146.43,80,91.0
190,high,182.39,78,39.0
200,low,207.96,69,29.0
130,high,134.89,169,116.0
180,shoulder,171.08,140,62.0
120,shoulder,126.4,235,135.0
130,high,129.03,321,147.0
100,low,95.39,182,76.0
160,high,175.19,314,142.0
120,low,125.07,76,59.0
180,shoulder,191.19,226,93.0
200,low,202.7,32,49.0
130,low,116.24,53,45.0
130,shoulder,133.84,332,131.0
180,shoulder,181.27,184,69.0
120,low,114.23,335,93.0
160,low,140.54,231,45.0
120,shoulder,137.23,27,93.0
100,high,50.84,357,0.0
130,shoulder,109.54,321,56.0
100,low,123.47,221,159.0
130,low,118.11,314,62.0
190,high,195.18,32,51.0
100,high,125.02,196,180.0
140,low,150.18,211,104.0
120,high,137.46,223,165.0
200,low,193.3,98,32.0
170,shoulder,178.97,355,110.0
110,shoulder,112.88,21,60.0
120,shoulder,87.8,273,42.0
120,shoulder,106.72,61,46.0
120,low,112.58,218,59.0
110,shoulder,94.63,282,89.0
150,high,121.61,172,34.0
190,low,185.33,179,39.0
150,shoulder,148.22,190,61.0
130,high,142.5,314,180.0
170,low,156.07,104,33.0
110,high,133.72,53,137.0
100,shoulder,89.2,77,60.0
110,low,120.07,218,129.0
110,shoulder,126.82,183,139.0
180,low,197.57,341,97.0
130,high,132.08,79,79.0
150,high,165.68,27,58.0
140,shoulder,134.85,89,49.0
140,low,127.37,180,47.0
120,high,110.86,196,99.0
140,shoulder,137.61,318,111.0
200,shoulder,190.3,36,14.0
150,high,146.58,187,86.0
160,shoulder,153.61,361,105.0
140,low,145.66,285,98.0
120,low,122.12,133,73.0
160,low,159.47,212,53.0
110,low,96.66,56,50.0
170,low,158.8,154,33.0
160,shoulder,169.19,28,51.0
200,high,231.2,62,95.0
120,low,142.48,110,80.0
130,high,127.09,204,118.0
190,high,169.65,162,35.0
140,high,159.98,363,180.0
110,shoulder,91.91,171,71.0
140,shoulder,132.99,11,51.0
110,high,127.33,194,162.0
200,low,177.77,344,58.0
100,high,112.31,87,156.0
170,shoulder,171.1,92,40.0
130,high,134.7,220,142.0
140,shoulder,167.28,96,115.0
150,shoulder,131.19,290,58.0
100,low,123.38,360,180.0
180,high,194.41,315,128.0
120,high,105.96,182,78.0
120,high,117.32,116,99.0
150,low,145.97,259,59.0
140,shoulder,144.53,98,61.0
200,high,209.24,86,69.0
190,shoulder,170.49,167,35.0
150,low,150.27,230,72.0
130,low,132.46,39,58.0
130,low,150.0,141,82.0
200,shoulder,239.06,205,117.0
140,shoulder,145.96,220,106.0
160,high,152.83,36,47.0
180,high,178.45,332,105.0
140,high,143.45,277,126.0
120,high,106.98,52,58.0
120,shoulder,118.13,11,60.0
100,high,88.58,130,85.0
200,low,204.87,194,45.0
160,shoulder,165.11,251,95.0
120,low,102.91,253,67.0
180,low,174.56,331,64.0
190,high,180.81,137,59.0
120,shoulder,119.09,80,80.0
140,high,156.39,344,180.0
130,low,99.31,359,45.0
140,high,146.29,217,117.0
140,high,156.5,231,151.0
100,high,103.28,218,155.0
180,shoulder,167.28,164,50.0
130,shoulder,105.15,153,50.0
140,low,124.63,326,55.0
120,low,140.03,295,145.0
190,shoulder,202.76,22,28.0
120,high,139.43,280,180.0
200,shoulder,200.75,344,70.0
180,shoulder,185.24,61,61.0
140,shoulder,141.31,33,66.0
100,shoulder,112.28,342,174.0
100,low,92.88,146,57.0
200,shoulder,191.47,361,66.0
160,high,160.88,169,74.0
160,shoulder,152.66,52,36.0
170,high,164.65,150,75.0
160,high,153.44,315,102.0
170,low,166.35,173,42.0
190,shoulder,188.59,126,42.0
130,low,120.76,228,65.0
190,shoulder,196.22,231,80.0
170,shoulder,173.03,297,91.0
180,high,175.54,43,52.0
120,high,130.22,317,180.0
190,high,198.07,168,74.0
110,low,100.79,330,104.0
100,low,111.54,285,151.0
160,low,190.95,244,115.0
130,high,152.87,74,122.0
180,high,185.84,86,73.0
140,high,118.37,153,33.0
190,low,202.69,20,36.0
190,high,183.32,164,68.0
160,shoulder,137.62,274,55.0
170,low,173.18,110,55.0
190,high,184.49,310,84.0
120,low,105.39,337,69.0
200,low,179.87,204,38.0
130,low,106.76,40,35.0
160,low,164.7,131,41.0
200,shoulder,193.95,13,31.0
140,high,123.89,98,56.0
200,low,199.98,20,31.0
150,high,166.47,215,135.0
180,shoulder,193.08,205,106.0
150,low,123.67,53,12.0
190,high,201.93,255,97.0
190,shoulder,159.89,5,8.0
170,low,187.79,350,94.0
110,high,119.43,165,130.0
200,low,199.13,231,42.0
100,shoulder,127.84,192,180.0
160,shoulder,160.43,40,45.0
130,low,127.28,17,26.0
130,shoulder,139.19,251,120.0
200,shoulder,188.55,197,47.0
140,low,134.68,0,35.0
110,low,106.07,154,69.0
180,shoulder,192.18,315,115.0
120,low,127.24,82,64.0
180,shoulder,166.7,361,66.0
100,high,99.43,285,172.0
130,shoulder,121.56,269,81.0
190,shoulder,203.47,294,99.0
100,high,105.75,277,180.0
160,high,140.13,82,59.0
160,low,177.09,231,80.0
170,low,169.17,251,69.0
170,high,178.01,279,107.0
190,low,197.36,70,43.0
120,low,134.59,217,105.0
120,high,132.1,289,180.0
110,low,114.76,138,84.0
100,low,100.77,106,73.0
190,low,175.42,326,53.0
150,high,152.4,341,147.0
200,shoulder,211.49,204,78.0
100,shoulder,73.99,282,63.0
190,shoulder,185.51,185,48.0
170,shoulder,198.63,226,108.0
150,low,131.82,110,35.0
130,shoulder,128.17,75,56.0
200,low,203.39,34,30.0
180,shoulder,186.37,118,49.0
120,low,100.46,341,37.0
160,shoulder,163.67,160,68.0
140,high,150.19,188,112.0
150,shoulder,174.91,233,128.0
160,low,129.53,319,34.0
110,low,103.47,271,89.0
190,high,176.8,174,38.0
160,high,161.93,0,41.0
130,shoulder,130.83,183,113.0
170,low,192.08,247,92.0
100,shoulder,107.88,216,155.0
140,high,123.34,313,92.0
190,high,187.16,356,90.0
140,low,152.38,242,89.0
140,high,177.05,178,163.0
150,high,154.67,83,70.0
110,shoulder,101.24,280,106.0
100,low,108.71,210,108.0
190,low,202.49,341,77.0
170,high,161.93,276,68.0
100,low,103.92,135,105.0
150,low,156.86,250,104.0
130,low,126.86,339,103.0
180,shoulder,154.0,203,21.0
190,shoulder,198.65,360,102.0
110,high,111.11,94,99.0
170,low,145.96,227,39.0
100,high,108.21,245,180.0
190,high,160.48,205,27.0
160,shoulder,156.71,209,83.0
180,low,176.26,126,43.0
200,high,214.97,358,145.0
120,high,119.13,50,77.0
200,high,185.23,300,71.0
200,shoulder,199.48,49,39.0
110,high,115.71,315,180.0
170,shoulder,177.12,83,53.0
200,shoulder,191.67,230,59.0
150,low,144.11,59,34.0
140,low,131.58,317,72.0
100,shoulder,96.22,140,106.0
200,shoulder,208.49,347,114.0
110,shoulder,94.19,155,65.0
110,shoulder,104.62,146,81.0
170,shoulder,179.8,109,63.0
180,high,178.96,192,97.0
200,low,216.8,10,27.0
120,high,147.62,359,180.0
170,high,174.57,218,85.0
160,high,147.71,337,92.0
190,high,203.14,131,77.0
190,shoulder,187.41,1,34.0
120,low,138.75,284,136.0
110,high,96.17,257,120.0
110,shoulder,108.04,218,115.0
180,low,199.57,234,71.0
190,high,199.07,114,44.0
100,shoulder,96.52,195,94.0
170,shoulder,172.72,162,64.0
120,low,126.96,281,102.0
200,high,196.93,250,104.0
140,low,161.94,363,137.0
120,low,127.59,23,53.0
190,shoulder,160.2,13,32.0
180,high,188.42,264,107.0
110,high,115.15,221,143.0
100,high,99.49,232,158.0
110,low,109.08,155,73.0
140,shoulder,129.33,108,45.0
140,high,188.31,65,126.0
190,high,188.2,167,79.0
190,high,195.14,255,104.0
100,high,127.15,172,180.0
110,low,119.16,293,120.0
200,low,194.4,47,35.0
190,low,189.97,10,44.0
190,shoulder,197.15,338,101.0
130,low,139.27,340,111.0
200,high,196.48,344,82.0
110,shoulder,78.48,216,37.0
170,shoulder,162.69,356,84.0
120,shoulder,85.46,30,16.0
200,high,214.02,102,80.0
180,high,200.51,145,100.0
140,high,122.29,7,38.0
200,low,195.64,354,49.0
170,high,140.91,202,44.0
140,shoulder,149.43,324,135.0
130,shoulder,126.66,288,99.0
200,low,203.35,335,76.0
120,high,120.77,227,129.0
180,low,187.49,338,87.0
140,high,127.83,122,59.0
170,shoulder,164.01,354,93.0
170,low,177.72,248,65.0
100,low,98.7,239,107.0
200,shoulder,208.4,246,88.0
110,high,107.7,158,134.0
140,low,143.41,226,91.0
160,low,179.53,100,63.0
150,high,147.85,116,63.0
150,shoulder,159.22,262,111.0
100,low,99.37,184,100.0
150,shoulder,161.84,16,48.0
120,shoulder,92.74,322,63.0
100,high,91.28,70,83.0
200,shoulder,205.55,324,93.0
180,shoulder,173.49,40,29.0
130,shoulder,148.11,20,62.0
150,low,171.85,322,107.0
170,low,146.86,358,40.0
180,low,191.67,358,105.0
140,shoulder,155.09,350,163.0
170,high,177.7,46,48.0
160,high,171.61,245,111.0
170,shoulder,189.5,266,117.0
170,shoulder,183.7,232,91.0
120,shoulder,126.85,47,81.0
170,low,187.29,52,55.0
160,high,171.12,275,145.0
200,shoulder,232.43,62,59.0
100,high,107.77,100,107.0
120,high,146.85,225,170.0
160,shoulder,165.63,10,43.0
150,high,148.86,13,47.0
170,high,159.83,227,90.0
200,low,209.01,236,61.0
100,low,107.4,257,127.0
120,shoulder,125.91,28,64.0
130,shoulder,116.4,260,90.0
140,high,144.79,146,89.0
180,shoulder,172.51,99,32.0
140,low,130.09,305,66.0
130,low,131.16,323,119.0
110,low,115.81,262,105.0
180,high,194.65,211,111.0
190,shoulder,177.38,331,67.0
110,high,107.81,269,141.0
170,high,182.82,10,40.0
120,shoulder,115.72,273,101.0
180,low,180.81,167,37.0
150,low,140.95,95,38.0
190,high,172.59,269,45.0
130,shoulder,117.82,61,38.0
100,low,82.06,111,60.0
100,shoulder,108.44,69,93.0
120,low,116.45,65,54.0
200,high,196.7,326,95.0
130,shoulder,105.65,128,60.0
110,low,100.48,275,82.0
160,high,165.11,217,111.0
180,shoulder,222.51,159,118.0
170,high,168.86,100,57.0
100,low,85.03,244,85.0
110,shoulder,103.48,336,135.0
200,low,187.56,115,50.0
190,high,202.62,54,64.0
170,high,174.05,78,72.0
200,high,224.19,1,51.0
100,high,108.52,131,127.0
110,high,149.12,170,180.0
140,low,138.4,360,89.0
180,high,210.27,295,172.0
110,low,97.4,119,53.0
190,high,188.71,171,87.0
100,shoulder,88.21,172,100.0
120,shoulder,128.83,103,95.0
160,shoulder,154.8,118,59.0
120,low,111.99,235,78.0
150,high,133.66,274,88.0
160,shoulder,164.38,56,57.0
130,high,133.81,160,111.0
150,high,141.29,143,50.0
200,low,196.8,140,43.0
100,low,74.7,130,41.0
100,high,87.14,363,141.0
120,shoulder,107.98,140,69.0
110,low,130.79,69,78.0
110,low,102.25,102,50.0
110,high,107.14,110,108.0
130,high,151.7,77,115.0
180,low,148.52,252,28.0
120,high,102.45,177,56.0
120,shoulder,113.72,135,63.0
150,low,105.83,290,10.0
140,low,138.52,275,89.0
190,high,185.79,192,64.0
200,shoulder,211.1,102,50.0
140,high,164.41,170,150.0
200,shoulder,200.45,58,54.0
110,low,107.82,187,83.0
130,shoulder,133.41,34,53.0
200,high,215.73,56,59.0
180,high,206.61,127,97.0
140,low,156.75,74,68.0
140,high,156.22,159,113.0
100,low,122.64,146,133.0
140,high,132.52,193,93.0
150,high,136.3,139,41.0
160,high,158.1,0,37.0
190,high,191.2,311,93.0
140,shoulder,155.31,113,71.0
150,high,138.15,199,101.0
160,low,142.67,336,50.0
160,low,154.49,80,38.0
160,low,178.96,57,55.0
200,shoulder,212.41,156,51.0
170,low,161.41,89,33.0
110,shoulder,128.18,196,135.0
110,low,136.89,199,141.0
100,high,120.69,17,99.0
150,shoulder,180.75,41,77.0
190,high,204.88,305,123.0
120,low,106.05,77,34.0
110,high,106.26,340,167.0
130,high,114.96,284,111.0
110,high,71.41,168,25.0
150,high,149.31,284,119.0
200,low,220.39,77,52.0
100,low,100.31,274,116.0
130,shoulder,126.84,3,45.0
120,high,143.96,22,104.0
100,shoulder,113.89,161,142.0
150,low,147.95,152,56.0
140,shoulder,157.52,243,138.0
180,low,164.91,52,14.0
130,low,120.75,109,33.0
100,low,103.28,186,92.0
170,low,180.77,262,83.0
190,high,190.2,350,97.0
200,shoulder,220.22,159,73.0
160,low,169.93,244,93.0
130,shoulder,114.24,89,42.0
200,shoulder,184.48,233,29.0
140,low,136.35,58,52.0
130,shoulder,118.7,68,50.0
170,high,148.19,350,63.0
100,low,84.66,28,51.0
190,low,182.85,208,26.0
170,low,172.99,314,66.0
130,shoulder,114.08,21,34.0
200,high,212.27,291,99.0
170,shoulder,193.26,205,88.0
160,low,178.39,29,47.0
200,high,222.84,158,97.0
100,high,102.06,102,99.0
140,shoulder,146.73,9,45.0
140,low,154.28,231,84.0
200,shoulder,183.27,236,32.0
200,low,209.77,39,36.0
130,shoulder,127.12,31,18.0
120,high,125.06,239,161.0
170,low,170.71,289,74.0
100,shoulder,122.07,311,180.0
100,low,107.15,160,85.0
100,shoulder,130.15,44,117.0
140,high,142.04,23,66.0
120,high,107.58,18,59.0
130,high,115.37,360,118.0
170,low,188.75,24,51.0
190,high,204.66,235,88.0
160,low,151.66,289,64.0
190,high,187.49,201,85.0
110,high,137.16,119,151.0
130,low,141.19,2,41.0
200,shoulder,222.16,61,71.0
120,high,98.45,204,72.0
160,high,174.32,330,152.0
120,high,151.75,246,180.0
110,low,115.53,26,59.0
160,low,166.48,74,63.0
170,shoulder,183.23,162,106.0
100,high,99.61,345,180.0
130,high,100.87,327,44.0
130,high,113.4,25,48.0
160,low,149.98,314,78.0
180,high,183.16,175,76.0
200,low,192.05,146,26.0
100,low,95.57,66,61.0
180,high,177.41,222,79.0
190,shoulder,199.58,59,32.0
120,low,147.11,356,160.0
190,low,205.13,42,39.0
170,shoulder,180.09,170,72.0
160,shoulder,171.56,71,59.0
150,shoulder,173.0,188,107.0
180,shoulder,188.64,315,92.0
120,low,107.7,323,84.0
160,low,140.47,337,56.0
100,low,123.99,61,79.0
160,shoulder,170.15,21,43.0
190,shoulder,209.86,37,52.0
150,high,154.66,247,115.0
140,low,147.57,31,39.0
100,shoulder,118.9,332,180.0
110,shoulder,91.12,49,32.0
180,high,197.72,311,116.0
200,shoulder,218.49,326,106.0
180,high,179.9,257,103.0
160,shoulder,165.51,324,129.0
190,shoulder,199.78,297,90.0
200,low,203.71,222,60.0
150,low,173.15,88,56.0
150,shoulder,169.9,111,85.0
110,low,119.17,75,65.0
180,shoulder,169.76,276,44.0
150,shoulder,136.19,264,55.0
190,low,204.08,350,96.0
140,high,144.22,66,70.0
180,shoulder,197.43,8,47.0
140,shoulder,139.47,246,90.0
140,low,127.62,28,30.0
170,shoulder,165.36,348,79.0
200,high,196.22,49,33.0
110,shoulder,121.71,272,145.0
190,high,195.16,144,77.0
100,low,119.13,314,180.0
110,low,129.56,28,55.0
160,low,187.26,61,61.0
180,high,186.98,174,107.0
130,high,115.21,93,67.0
200,shoulder,174.2,85,20.0
110,low,76.55,146,34.0
130,shoulder,123.41,243,109.0
160,low,124.04,342,39.0
130,low,131.87,14,43.0
150,shoulder,172.41,303,146.0
100,shoulder,96.44,92,87.0
130,low,107.77,363,68.0
150,shoulder,156.45,298,114.0
110,shoulder,98.27,165,79.0
130,low,135.84,111,64.0
180,shoulder,172.8,75,63.0
100,high,84.22,16,63.0
170,high,155.18,99,55.0
130,low,127.27,194,68.0
130,low,124.31,203,59.0
120,high,124.1,28,58.0
140,high,137.92,270,118.0
180,high,193.23,204,104.0
180,shoulder,172.28,196,72.0
100,low,98.23,31,66.0
170,shoulder,168.37,321,93.0
180,low,162.86,252,28.0
100,high,79.76,343,119.0
180,high,184.75,2,58.0
160,shoulder,158.07,33,34.0
140,high,119.71,326,81.0
200,high,202.42,280,92.0
120,low,131.09,48,47.0
130,high,132.48,363,170.0
100,low,77.57,297,72.0
130,low,104.3,41,12.0
110,high,140.76,183,180.0
110,low,121.58,323,134.0
160,shoulder,194.07,234,132.0
170,low,155.39,255,55.0
180,low,187.11,281,83.0
140,low,130.58,208,43.0
190,low,198.72,264,86.0
100,shoulder,103.63,323,165.0
140,high,137.89,34,75.0
100,high,90.2,56,92.0
190,high,216.04,201,91.0
190,low,197.4,212,71.0
180,shoulder,190.5,173,83.0
170,shoulder,162.65,13,27.0
110,shoulder,114.44,19,58.0
190,low,198.62,88,49.0
160,high,152.42,191,79.0
170,high,180.54,136,82.0
170,high,161.68,335,85.0
150,high,160.93,63,69.0
170,high,151.34,313,81.0
180,high,163.38,206,40.0
110,low,103.6,300,85.0
110,shoulder,68.67,37,31.0
190,low,172.77,104,10.0
130,low,111.48,184,41.0
190,shoulder,181.16,139,25.0
130,high,110.3,355,93.0
130,shoulder,122.58,29,42.0
150,low,160.05,229,79.0
180,high,177.93,106,65.0
170,low,170.87,249,62.0
130,low,118.29,280,71.0
200,shoulder,205.06,211,67.0
190,shoulder,187.5,28,43.0
100,shoulder,101.59,218,130.0
130,high,130.67,162,106.0
190,high,184.47,291,83.0
170,shoulder,168.89,253,75.0
100,low,88.0,70,46.0
110,low,111.87,322,129.0
200,high,180.65,231,32.0
130,shoulder,149.38,326,169.0
180,low,160.62,108,30.0
100,low,119.84,347,170.0
130,high,153.91,99,125.0
150,low,111.03,153,14.0
170,low,137.47,200,15.0
110,low,101.56,143,80.0
140,low,150.11,57,57.0
150,shoulder,168.36,307,144.0
100,high,84.21,317,121.0
110,low,124.78,305,146.0
170,shoulder,156.23,29,7.0
190,high,174.75,50,39.0
170,high,175.29,68,44.0
130,shoulder,105.87,240,51.0
130,shoulder,160.17,346,180.0
190,shoulder,175.54,64,18.0
110,shoulder,107.39,186,99.0
170,low,165.51,136,44.0
110,low,116.74,114,74.0
150,shoulder,144.21,191,73.0
160,shoulder,165.36,218,89.0
180,shoulder,189.15,78,75.0
140,high,152.37,180,130.0
190,low,191.52,270,69.0
200,low,206.27,146,58.0
120,high,108.39,83,72.0
100,low,71.95,153,28.0
160,low,172.19,254,80.0
110,high,119.72,351,180.0
170,low,177.48,33,39.0
200,high,217.06,68,65.0
200,shoulder,199.75,62,39.0
200,shoulder,208.82,17,45.0
100,low,101.87,233,108.0
200,low,198.58,144,57.0
150,high,164.3,48,66.0
200,shoulder,212.57,244,84.0
140,shoulder,178.46,115,131.0
170,high,150.38,83,33.0
200,shoulder,211.73,47,47.0
170,low,160.34,5,0.0
140,high,126.13,166,58.0
180,high,179.12,317,115.0
100,high,81.41,139,63.0
170,shoulder,154.05,13,18.0
170,high,196.82,320,163.0
160,shoulder,180.65,211,108.0
120,shoulder,146.8,188,164.0
120,high,121.19,37,70.0
130,low,147.9,20,63.0
120,low,121.18,51,46.0
130,low,150.56,218,118.0
150,high,139.49,172,61.0
170,low,156.91,8,41.0
120,high,127.32,355,180.0
130,high,138.77,84,90.0
170,high,143.69,129,30.0
150,high,159.68,5,49.0
170,high,193.28,350,171.0
180,high,161.63,314,57.0
190,low,171.68,320,65.0
190,low,199.05,306,93.0
170,low,172.4,177,50.0
140,shoulder,154.61,5,47.0
190,high,175.64,84,33.0
170,high,149.09,308,47.0
180,high,165.44,164,57.0
100,low,85.77,42,56.0
120,shoulder,112.56,191,102.0
110,low,116.23,2,56.0
170,shoulder,169.52,195,75.0
160,high,151.15,358,104.0
150,shoulder,160.2,295,135.0
110,low,104.43,134,77.0
180,high,159.8,233,51.0
180,high,165.05,77,35.0
110,low,122.54,188,118.0
180,low,161.95,158,51.0
160,shoulder,167.0,56,48.0
130,high,113.64,24,40.0
150,shoulder,134.67,10,18.0
160,shoulder,168.57,9,59.0
100,high,115.79,317,180.0
110,shoulder,136.77,311,180.0
120,low,140.47,341,156.0
200,shoulder,171.74,96,27.0
160,low,155.89,18,29.0
150,low,146.47,337,66.0
150,high,152.58,262,132.0
150,high,136.4,233,72.0
160,low,173.11,358,113.0
100,shoulder,93.03,86,56.0
100,shoulder,98.51,337,139.0
160,low,146.36,28,18.0
120,shoulder,145.65,21,85.0
100,shoulder,112.8,209,154.0
150,high,127.52,82,31.0
120,high,143.69,174,163.0
130,shoulder,150.44,152,119.0
170,shoulder,189.29,362,147.0
160,low,159.17,196,52.0
160,high,162.3,51,65.0
200,shoulder,185.86,308,40.0
130,shoulder,131.55,128,66.0
130,low,143.49,203,72.0
200,high,202.46,62,46.0
140,low,140.34,312,99.0
140,high,154.79,60,78.0
100,shoulder,118.63,251,180.0
170,low,173.7,163,49.0
130,shoulder,129.55,350,104.0
130,low,117.97,340,71.0
140,high,130.9,189,95.0
160,high,177.28,243,143.0
110,low,121.2,180,100.0
190,shoulder,171.94,304,55.0
140,high,154.81,359,177.0
160,low,131.4,294,28.0
200,high,206.47,233,100.0
180,shoulder,177.59,244,65.0
170,high,152.14,63,22.0
190,shoulder,187.22,313,60.0
130,shoulder,119.14,109,66.0
100,low,85.48,183,59.0
140,shoulder,155.94,338,156.0
100,high,100.65,110,108.0
190,high,186.78,217,75.0
180,high,181.59,335,114.0
200,shoulder,205.82,75,39.0
200,shoulder,200.0,314,58.0
180,shoulder,185.16,33,39.0
140,low,125.52,69,19.0
180,low,180.51,240,64.0
200,shoulder,194.42,326,82.0
160,high,147.56,162,64.0
200,high,213.94,205,89.0
190,shoulder,192.95,254,72.0
150,high,145.87,101,54.0
110,low,110.93,68,60.0
160,shoulder,163.75,248,71.0
120,low,97.13,99,44.0
190,shoulder,188.64,328,87.0
150,low,177.69,157,63.0
150,low,165.62,205,105.0
190,high,193.94,161,92.0
200,high,194.6,304,95.0
180,high,200.98,86,86.0
120,low,119.07,252,82.0
140,shoulder,128.63,162,64.0
120,high,118.71,182,117.0
130,high,133.14,359,170.0
200,low,197.76,309,47.0
110,high,128.1,306,180.0
150,high,151.81,171,95.0
110,low,124.06,210,85.0
170,low,150.02,38,7.0
150,low,134.98,74,38.0
140,shoulder,140.99,102,63.0
170,high,166.39,209,71.0
160,high,166.0,240,120.0
200,shoulder,195.94,194,45.0
170,high,181.75,192,106.0
160,shoulder,142.72,284,57.0
150,low,169.08,13,44.0
180,high,147.71,215,42.0
200,high,203.92,205,78.0
130,low,142.3,142,52.0
200,low,195.31,29,23.0
130,shoulder,134.22,334,130.0
180,high,173.57,305,96.0
100,high,97.13,107,108.0
180,low,169.52,294,55.0
110,high,114.29,285,169.0
100,low,108.65,249,131.0
180,high,183.16,56,62.0
160,low,129.6,316,35.0
190,high,169.43,169,45.0
160,shoulder,174.1,25,56.0
110,shoulder,117.36,247,127.0
190,low,198.55,3,55.0
150,high,144.58,75,54.0
200,high,227.13,344,156.0
130,low,134.93,357,100.0
180,low,172.61,194,40.0
160,shoulder,149.64,287,76.0
100,shoulder,104.46,160,119.0
140,low,155.57,9,43.0
110,high,110.4,129,109.0
180,high,186.72,354,132.0
200,low,215.37,222,50.0
190,high,182.96,136,50.0
200,low,195.15,227,61.0
190,low,188.7,109,36.0
130,high,117.06,149,82.0
100,shoulder,117.34,13,84.0
150,high,141.25,170,60.0
170,shoulder,148.75,35,19.0
140,high,151.99,292,162.0
150,shoulder,119.04,364,72.0
130,high,123.13,357,146.0
160,low,164.74,287,79.0
200,low,199.79,161,32.0
100,low,94.36,47,57.0
120,low,109.27,299,73.0
100,shoulder,127.04,240,180.0
140,high,116.91,225,52.0
110,low,127.17,269,127.0
130,low,132.06,301,92.0
100,low,89.35,291,81.0
170,high,162.81,277,89.0
140,high,124.99,12,45.0
200,shoulder,206.72,354,105.0
100,shoulder,99.42,232,135.0
180,low,173.0,314,60.0
180,low,190.03,8,23.0
130,high,163.65,200,180.0
160,high,157.04,309,106.0
100,high,89.98,167,126.0
110,high,101.14,152,103.0
170,high,195.33,69,94.0
150,low,163.73,250,92.0
130,high,141.26,225,156.0
150,low,136.28,224,46.0
110,low,100.94,248,71.0
130,high,115.32,116,80.0
150,shoulder,158.39,157,87.0
170,high,170.83,78,66.0
140,shoulder,155.96,145,117.0
190,high,161.34,341,42.0
160,shoulder,176.53,11,63.0
160,shoulder,155.9,158,72.0
120,high,116.53,142,90.0
110,low,98.32,80,59.0
150,low,136.83,10,33.0
120,low,104.96,69,36.0
140,high,147.3,359,179.0
130,high,133.92,55,77.0
130,shoulder,125.28,175,75.0
170,high,177.59,98,78.0
130,high,141.82,234,156.0
110,low,117.02,142,88.0
140,low,117.79,314,58.0
140,low,143.29,289,84.0
150,low,161.63,292,93.0
190,low,192.08,168,36.0
170,high,193.07,340,173.0
190,high,187.18,327,94.0
120,high,137.93,54,121.0
120,low,121.12,279,93.0
170,low,205.36,136,86.0
190,low,188.85,141,20.0
150,high,154.84,0,28.0
100,low,96.5,350,128.0
120,low,110.49,246,72.0
170,low,164.97,253,62.0
180,high,174.55,191,75.0
180,low,161.08,216,40.0
150,high,126.56,87,49.0
140,shoulder,136.72,336,120.0
180,high,163.15,238,65.0
200,high,196.57,117,61.0
110,high,94.45,281,125.0
140,high,107.13,23,24.0
150,shoulder,139.9,334,88.0
190,high,187.74,120,71.0
190,shoulder,171.98,308,44.0
190,low,191.25,356,72.0
140,low,167.29,5,39.0
170,low,161.66,116,40.0
140,high,124.79,29,51.0
190,shoulder,202.07,1,33.0
200,high,217.08,286,134.0
130,low,116.3,57,20.0
200,shoulder,230.71,62,66.0
190,low,176.58,189,49.0
140,shoulder,155.89,323,158.0
110,shoulder,100.91,303,108.0
170,low,153.55,245,38.0
160,high,163.26,108,75.0
140,shoulder,171.83,303,169.0
150,shoulder,166.82,237,122.0
190,shoulder,173.48,1,6.0
110,shoulder,90.91,124,54.0
190,low,202.65,166,59.0
160,low,173.11,22,33.0
140,high,122.57,50,32.0
160,low,161.89,162,61.0
100,low,107.59,188,122.0
190,high,200.04,33,60.0
110,high,117.25,234,163.0
130,low,123.42,354,95.0
170,low,167.91,311,85.0
170,high,195.02,66,78.0
190,shoulder,203.6,8,37.0
140,shoulder,152.9,318,151.0
130,high,129.86,211,118.0
180,shoulder,167.89,153,53.0
180,low,168.23,60,30.0
180,low,160.27,250,32.0
190,low,200.31,348,86.0
150,shoulder,147.64,226,65.0
200,low,204.55,56,27.0
150,shoulder,144.55,72,59.0
130,shoulder,121.71,10,28.0
170,shoulder,176.22,128,67.0
160,shoulder,162.63,102,55.0
150,low,142.06,80,33.0
110,low,108.99,208,78.0
100,low,115.88,171,127.0
190,shoulder,188.23,343,83.0
140,low,112.2,221,49.0
130,low,119.47,353,63.0
190,low,193.94,235,77.0
130,shoulder,104.13,163,29.0
130,shoulder,134.15,34,59.0
140,high,156.1,13,73.0
100,low,109.53,302,130.0
160,shoulder,127.32,127,19.0
180,low,184.68,292,65.0
120,shoulder,143.59,296,180.0
100,low,130.04,31,98.0
170,low,170.14,225,73.0
160,shoulder,143.07,194,38.0
180,low,161.11,51,23.0
170,low,165.99,282,31.0
140,shoulder,166.32,80,109.0
110,high,110.89,197,135.0
120,high,134.2,252,165.0
170,high,173.19,88,69.0
100,low,92.08,94,57.0
120,low,103.57,209,51.0
170,shoulder,175.86,296,93.0
170,low,167.79,21,7.0
130,high,122.16,98,59.0
180,high,189.46,156,67.0
100,high,130.37,11,133.0
160,low,183.6,164,90.0
120,high,151.72,84,145.0
150,high,159.3,37,71.0
110,high,118.01,336,180.0
190,high,215.85,164,100.0
110,shoulder,89.14,30,33.0
190,low,199.21,325,81.0
180,shoulder,191.2,299,102.0
120,shoulder,97.44,253,67.0
170,shoulder,144.69,109,30.0
200,shoulder,218.1,208,92.0
120,low,107.4,135,36.0
100,low,133.49,208,158.0
140,high,113.62,26,26.0
180,high,197.53,21,55.0
120,high,103.66,31,62.0
120,high,149.67,319,180.0
130,low,134.95,195,70.0
130,shoulder,152.22,61,88.0
140,shoulder,133.98,131,71.0
180,low,204.51,173,65.0
110,low,83.53,283,61.0
130,high,162.01,363,180.0
130,low,122.18,271,58.0
160,shoulder,148.77,326,69.0
190,high,191.58,364,119.0
180,high,169.48,109,42.0
180,high,189.12,179,107.0
170,low,162.7,340,53.0
100,low,105.07,354,159.0
110,low,124.24,186,113.0
130,shoulder,122.62,88,61.0
130,high,121.73,161,88.0
170,low,170.69,243,59.0
200,shoulder,200.06,184,54.0
110,low,97.12,13,40.0
160,high,171.17,145,89.0
170,high,164.12,282,80.0
120,shoulder,109.02,240,71.0
200,shoulder,199.31,52,36.0
140,high,123.84,267,76.0
160,low,146.76,233,41.0
160,high,169.49,76,60.0
150,shoulder,160.55,249,117.0
190,shoulder,173.6,60,42.0
140,shoulder,142.8,117,68.0
150,shoulder,190.2,240,154.0
200,high,216.13,140,93.0
130,shoulder,127.62,186,75.0
200,high,199.13,155,69.0
150,high,136.08,79,60.0
140,shoulder,153.68,142,100.0
160,shoulder,168.08,132,67.0
170,shoulder,142.7,337,35.0
140,low,158.02,300,108.0
160,shoulder,174.2,150,98.0
200,high,186.97,90,42.0
180,low,202.07,282,84.0
100,high,98.03,53,102.0
110,shoulder,123.01,310,159.0
110,shoulder,86.55,288,64.0
110,shoulder,128.77,146,120.0
120,high,135.3,81,126.0
140,shoulder,155.76,57,69.0
140,shoulder,139.85,182,75.0
200,shoulder,194.34,78,53.0
100,shoulder,79.08,354,112.0
170,shoulder,173.47,219,84.0
130,low,127.36,278,83.0
110,low,128.52,270,137.0
140,low,148.92,80,40.0
100,low,77.47,299,54.0
130,high,132.81,270,128.0
140,shoulder,133.03,341,84.0
120,low,104.39,37,32.0
130,high,108.45,178,56.0
150,shoulder,168.71,347,158.0
100,high,101.06,185,157.0
110,shoulder,111.1,289,139.0
160,low,163.84,53,38.0
100,high,100.96,72,98.0
150,high,116.69,98,13.0
170,high,160.18,104,63.0
100,high,119.24,54,130.0
110,shoulder,121.7,10,61.0
110,low,127.15,38,43.0
200,high,195.01,140,68.0
140,high,117.39,358,94.0
110,high,123.81,64,106.0
160,low,152.52,144,55.0
170,shoulder,149.12,118,52.0
120,high,129.92,16,78.0
140,high,157.7,337,180.0
180,high,184.38,301,123.0
200,high,187.62,47,21.0
140,shoulder,126.78,319,71.0
180,shoulder,184.45,364,91.0
170,high,164.3,198,71.0
110,shoulder,121.52,130,110.0
160,low,158.57,353,86.0
200,shoulder,198.86,231,57.0
190,low,220.34,72,50.0
130,high,128.45,190,101.0
200,high,183.24,139,54.0
150,shoulder,168.54,45,54.0
200,high,213.26,0,59.0
170,low,143.07,321,36.0
100,low,106.27,39,59.0
100,shoulder,96.81,307,151.0
120,high,140.75,114,127.0
180,shoulder,187.22,138,70.0
200,shoulder,201.46,354,87.0
110,shoulder,94.69,48,48.0
130,high,130.01,182,107.0
160,high,162.7,290,120.0
190,low,173.04,260,16.0
190,shoulder,176.26,114,49.0
200,shoulder,203.22,99,23.0
100,high,121.29,245,180.0
200,shoulder,191.98,117,41.0
150,high,161.97,343,173.0
140,low,130.05,79,30.0
130,shoulder,133.46,363,139.0
130,high,155.39,130,143.0
100,low,105.8,177,89.0
140,shoulder,159.84,272,141.0
110,shoulder,100.24,296,98.0
100,shoulder,99.44,154,106.0
130,low,132.94,225,86.0
200,shoulder,173.4,21,21.0
110,high,84.29,339,94.0
180,shoulder,198.44,174,95.0
150,high,169.91,185,128.0
190,low,214.46,50,31.0
190,shoulder,186.55,52,39.0
120,low,113.39,123,62.0
160,low,126.91,245,24.0
120,high,99.37,223,80.0
110,high,104.61,304,144.0
200,shoulder,182.09,44,21.0
100,low,106.74,213,108.0
130,low,136.72,69,53.0
160,high,163.75,70,44.0
140,shoulder,145.46,129,77.0
140,low,139.07,229,58.0
150,low,141.95,161,65.0
160,high,166.8,254,100.0
130,shoulder,121.18,271,82.0
120,shoulder,129.88,117,105.0
100,shoulder,95.83,74,73.0
160,low,157.2,168,65.0
100,high,118.59,121,153.0
200,high,209.97,36,59.0
170,shoulder,154.49,175,62.0
130,high,136.89,7,67.0
110,high,115.87,117,119.0
180,shoulder,184.8,242,79.0
200,low,199.1,338,62.0
150,shoulder,171.79,44,63.0
160,high,186.05,343,179.0
110,high,79.45,99,38.0
120,shoulder,93.88,84,29.0
140,high,114.57,290,70.0
110,low,119.93,78,65.0
100,shoulder,91.44,291,114.0
150,high,163.32,303,140.0
140,high,125.4,158,84.0
200,low,172.98,351,24.0
100,low,121.06,289,180.0
190,shoulder,172.02,350,61.0
150,low,146.41,203,48.0
200,low,224.83,327,109.0
130,high,131.57,292,144.0
150,shoulder,169.41,237,126.0
110,low,93.29,206,68.0
160,low,167.69,337,90.0
130,low,131.96,19,38.0
180,shoulder,184.74,339,94.0
110,high,113.44,173,105.0
100,high,93.53,5,50.0
130,high,114.8,327,93.0
170,shoulder,174.65,74,37.0
160,low,188.17,13,51.0
150,low,139.47,285,62.0
160,shoulder,111.5,13,11.0
120,shoulder,123.0,333,142.0
140,low,137.91,107,32.0
150,high,149.44,233,94.0
150,shoulder,150.8,63,46.0
130,shoulder,139.66,342,166.0
180,high,164.81,20,24.0
110,low,145.57,52,98.0
170,low,191.61,181,83.0
140,shoulder,123.61,267,74.0
190,shoulder,175.06,50,34.0
180,high,193.02,249,123.0
140,high,136.24,225,108.0
190,high,201.53,324,118.0
170,low,160.43,98,37.0
100,low,97.11,220,100.0
120,low,125.08,262,89.0
150,shoulder,110.0,209,6.0
190,low,184.26,95,41.0
150,low,162.78,210,94.0
160,shoulder,156.6,201,81.0
140,low,113.92,320,52.0
170,shoulder,170.84,58,31.0
100,high,72.74,267,77.0
180,low,177.72,23,28.0
170,low,180.86,28,31.0
140,high,157.63,235,154.0
120,low,121.22,124,56.0
180,high,188.19,19,39.0
130,high,134.54,339,141.0
120,shoulder,124.22,119,97.0
150,low,158.33,20,51.0
110,high,129.32,317,180.0
190,high,211.16,20,76.0
200,high,183.54,126,38.0
160,shoulder,170.6,276,102.0
150,high,172.76,276,154.0
140,high,144.1,21,94.0
170,low,160.16,338,52.0
140,high,135.92,50,57.0
130,shoulder,135.46,348,123.0
140,low,126.14,223,39.0
150,shoulder,173.07,251,132.0
160,high,168.28,113,109.0
150,low,161.8,342,97.0
160,low,169.65,61,47.0
190,high,199.66,202,96.0
130,shoulder,131.47,106,63.0
200,high,218.97,228,134.0
150,low,121.05,357,15.0
140,low,104.3,310,20.0
160,shoulder,152.28,50,26.0
160,shoulder,175.71,70,52.0
150,low,148.97,46,27.0
130,low,128.74,250,73.0
120,low,132.56,323,135.0
100,shoulder,115.47,331,180.0
150,shoulder,144.96,309,97.0
170,high,163.19,188,67.0
140,shoulder,153.34,173,90.0
170,high,156.51,59,46.0
180,high,177.78,98,72.0
170,shoulder,182.31,177,84.0
180,shoulder,175.72,333,87.0
190,high,181.9,109,53.0
190,low,207.33,0,30.0
190,low,181.65,19,34.0
120,low,113.41,41,36.0
130,low,136.42,242,86.0
110,shoulder,140.1,51,96.0
180,shoulder,177.11,142,62.0
150,high,150.2,220,96.0
130,shoulder,110.18,302,55.0
200,shoulder,209.33,70,52.0
140,low,141.89,271,86.0
140,high,147.29,119,96.0
100,high,100.54,273,170.0
180,high,176.95,263,79.0
140,shoulder,151.95,200,87.0
170,low,146.02,315,26.0
180,low,165.23,71,9.0
180,shoulder,155.59,266,35.0
100,high,78.13,169,72.0
130,shoulder,136.24,303,142.0
170,shoulder,149.43,267,45.0
130,shoulder,96.84,296,26.0
130,high,127.04,175,103.0
150,low,183.07,123,97.0
180,high,157.08,213,35.0
100,shoulder,95.0,332,154.0
190,high,171.58,207,48.0
190,high,158.95,51,0.0
160,shoulder,183.09,151,90.0
120,low,111.76,155,52.0
150,high,157.35,180,100.0
100,shoulder,112.71,277,177.0
180,shoulder,198.34,303,121.0
180,high,220.72,158,150.0
150,high,156.29,80,80.0
200,low,224.3,13,34.0
170,high,137.31,227,30.0
160,low,170.7,156,58.0
110,shoulder,85.31,139,38.0
140,low,132.45,99,39.0
110,shoulder,105.64,250,115.0
200,low,200.25,235,60.0
140,high,147.9,223,123.0
140,shoulder,113.41,208,38.0
190,shoulder,186.4,44,53.0
160,shoulder,156.0,306,88.0
200,shoulder,216.77,348,114.0
150,high,152.62,344,138.0
110,low,136.64,211,162.0
200,high,187.39,340,77.0
130,low,118.6,210,68.0
100,shoulder,93.87,161,91.0
110,high,106.56,16,55.0
110,shoulder,119.72,255,152.0
180,shoulder,168.61,299,72.0
150,low,159.2,351,109.0
160,low,148.77,47,34.0
160,low,157.21,271,83.0
110,low,104.18,359,119.0
190,high,196.47,337,123.0
130,high,121.09,138,80.0
100,low,93.26,307,87.0
160,shoulder,170.93,233,92.0
140,shoulder,128.79,184,67.0
110,low,94.12,75,36.0
140,shoulder,119.96,142,44.0
150,high,150.36,361,152.0
140,high,160.64,27,83.0
170,high,150.44,239,48.0
180,low,196.21,44,42.0
130,shoulder,103.59,331,59.0
160,low,168.5,356,93.0
180,shoulder,199.92,80,66.0
140,low,145.5,287,93.0
180,high,165.17,20,45.0
190,low,171.07,193,37.0
130,high,125.17,259,95.0
170,shoulder,164.48,156,51.0
180,high,173.03,94,56.0
190,low,198.52,107,51.0
170,shoulder,158.46,23,25.0
190,high,199.88,160,82.0
110,low,126.27,153,91.0
200,low,215.0,112,60.0
150,shoulder,148.25,136,82.0
110,high,79.39,282,66.0
160,low,165.77,255,87.0
160,low,166.92,169,67.0
130,high,125.6,309,129.0
170,shoulder,157.69,78,21.0
160,high,168.58,167,104.0
190,high,182.84,26,39.0
150,high,168.8,207,128.0
110,high,130.02,11,109.0
140,shoulder,147.45,291,131.0
200,low,214.9,95,43.0
150,shoulder,151.04,303,111.0
180,low,184.45,264,64.0
150,high,176.27,216,152.0
140,low,148.7,145,73.0
140,low,125.99,236,33.0
170,low,171.92,27,26.0
130,high,155.43,286,180.0
180,low,187.41,76,30.0
140,low,130.36,128,63.0
170,shoulder,141.84,59,29.0
150,shoulder,146.22,123,63.0
110,low,94.85,64,28.0
150,high,152.54,170,83.0
160,high,173.07,24,58.0
100,low,112.08,100,98.0
190,low,207.31,141,70.0
120,high,112.19,236,133.0
190,shoulder,184.27,180,57.0
190,shoulder,183.52,100,26.0
150,shoulder,126.85,351,47.0
140,high,119.38,138,57.0
110,shoulder,116.71,112,79.0
110,shoulder,124.41,200,142.0
140,high,114.13,119,33.0
170,low,143.36,267,55.0
180,low,191.17,74,37.0
140,high,162.03,170,148.0
120,high,118.53,344,168.0
180,shoulder,187.29,270,105.0
180,high,180.58,23,52.0
110,low,120.05,238,107.0
140,high,135.86,179,75.0
100,high,102.19,25,92.0
200,shoulder,195.57,122,24.0
200,high,191.25,46,27.0
140,shoulder,164.63,363,179.0
150,shoulder,164.69,283,128.0
130,low,136.45,57,48.0
120,shoulder,124.57,21,78.0
190,high,191.45,141,55.0
150,high,150.77,66,63.0
100,high,115.15,80,127.0
140,shoulder,139.27,215,87.0
160,high,169.62,264,124.0
190,high,156.13,38,12.0
160,low,173.17,305,105.0
190,shoulder,203.11,119,70.0
100,low,89.35,223,94.0
120,high,122.91,159,106.0
100,high,112.02,323,180.0
100,shoulder,116.69,321,180.0
130,high,130.96,112,73.0
110,low,108.21,132,61.0
110,shoulder,91.58,39,57.0
200,low,199.41,118,44.0
140,shoulder,158.08,326,158.0
150,high,147.8,137,74.0
190,high,181.77,325,86.0
200,shoulder,226.34,243,98.0
120,shoulder,137.02,238,133.0
110,high,123.41,17,89.0
140,shoulder,143.12,32,58.0
140,low,133.27,261,69.0
170,shoulder,168.96,178,61.0
120,low,107.05,249,72.0
170,low,163.67,10,25.0
110,high,87.37,157,43.0
150,high,125.62,190,52.0
160,shoulder,170.37,64,60.0
130,high,130.57,39,82.0
130,high,116.16,279,104.0
130,shoulder,150.45,265,148.0
140,shoulder,157.33,243,142.0
200,low,171.18,265,20.0
160,low,176.69,67,59.0
200,high,211.52,323,99.0
160,high,163.79,296,115.0
110,low,79.54,148,29.0
190,high,187.29,18,62.0
180,high,199.49,124,94.0
140,high,146.74,259,141.0
110,low,108.29,5,34.0
170,low,173.09,102,28.0
190,shoulder,215.95,208,96.0
200,low,171.84,159,21.0
120,shoulder,123.01,157,86.0
110,high,112.19,311,170.0
180,low,196.88,177,43.0
200,low,161.56,26,23.0
190,low,191.58,177,27.0
170,high,156.69,354,81.0
170,low,183.78,64,40.0
140,high,159.0,51,76.0
150,shoulder,151.74,136,75.0
100,low,98.06,11,58.0
130,high,163.47,325,180.0
120,shoulder,145.54,197,158.0
150,shoulder,141.7,289,80.0
140,shoulder,114.57,114,23.0
190,low,206.53,103,46.0
200,low,202.08,122,38.0
100,high,92.6,58,90.0
190,high,168.0,3,23.0
120,low,113.04,112,51.0
160,shoulder,155.38,353,91.0
100,high,113.51,285,180.0
140,high,142.21,154,105.0
180,shoulder,168.26,336,80.0
110,low,83.83,76,31.0
190,low,176.47,6,5.0
100,low,75.96,209,54.0
160,low,170.87,113,68.0
110,shoulder,76.87,347,56.0
180,low,181.29,44,44.0
170,high,153.5,14,21.0
130,high,116.79,127,77.0
140,high,127.34,175,64.0
120,high,129.14,9,74.0
150,high,126.73,268,66.0
200,shoulder,200.87,44,27.0
200,shoulder,206.47,109,61.0
180,high,153.16,142,25.0
190,high,186.44,212,72.0
100,high,79.11,145,67.0
100,shoulder,103.25,218,128.0
160,high,176.13,187,122.0
200,low,186.41,136,40.0
110,high,89.39,275,97.0
160,shoulder,173.38,362,143.0
130,shoulder,138.37,136,76.0
140,high,140.65,324,111.0
140,high,111.59,330,45.0
170,low,169.21,195,62.0
110,high,113.54,78,97.0
120,low,133.08,101,61.0
110,high,108.5,76,84.0
110,low,131.11,190,143.0
180,high,189.03,317,139.0
